{
  "aggregate_score": 0.5428563356399536,
  "ptm": 0.8194336295127869,
  "iptm": 0.4737119972705841,
  "per_chain_ptm": [
    [
      0.8122065663337708,
      0.43142229318618774
    ]
  ],
  "per_chain_pair_iptm": [
    [
      [
        0.8122065663337708,
        0.08440371602773666
      ],
      [
        0.4737119972705841,
        0.43142229318618774
      ]
    ]
  ],
  "has_inter_chain_clashes": false,
  "chain_chain_clashes": [
    [
      [
        0,
        0
      ],
      [
        0,
        0
      ]
    ]
  ]
}