{
  "aggregate_score": 0.5804338455200195,
  "ptm": 0.8208605647087097,
  "iptm": 0.5203271508216858,
  "per_chain_ptm": [
    [
      0.8132997155189514,
      0.43227168917655945
    ]
  ],
  "per_chain_pair_iptm": [
    [
      [
        0.8132997155189514,
        0.08879213780164719
      ],
      [
        0.5203271508216858,
        0.43227168917655945
      ]
    ]
  ],
  "has_inter_chain_clashes": false,
  "chain_chain_clashes": [
    [
      [
        0,
        0
      ],
      [
        0,
        0
      ]
    ]
  ]
}