{
  "aggregate_score": 0.5300693511962891,
  "ptm": 0.8203203678131104,
  "iptm": 0.45750659704208374,
  "per_chain_ptm": [
    [
      0.8133034706115723,
      0.4313434362411499
    ]
  ],
  "per_chain_pair_iptm": [
    [
      [
        0.8133034706115723,
        0.08145103603601456
      ],
      [
        0.45750659704208374,
        0.4313434362411499
      ]
    ]
  ],
  "has_inter_chain_clashes": false,
  "chain_chain_clashes": [
    [
      [
        0,
        0
      ],
      [
        0,
        0
      ]
    ]
  ]
}