{
  "aggregate_score": 0.5510885715484619,
  "ptm": 0.8201128840446472,
  "iptm": 0.483832448720932,
  "per_chain_ptm": [
    [
      0.8128128051757812,
      0.43311285972595215
    ]
  ],
  "per_chain_pair_iptm": [
    [
      [
        0.8128128051757812,
        0.08504968136548996
      ],
      [
        0.483832448720932,
        0.43311285972595215
      ]
    ]
  ],
  "has_inter_chain_clashes": false,
  "chain_chain_clashes": [
    [
      [
        0,
        0
      ],
      [
        0,
        0
      ]
    ]
  ]
}