{
  "aggregate_score": 0.5525780320167542,
  "ptm": 0.8213109970092773,
  "iptm": 0.48539477586746216,
  "per_chain_ptm": [
    [
      0.8140010833740234,
      0.43241846561431885
    ]
  ],
  "per_chain_pair_iptm": [
    [
      [
        0.8140010833740234,
        0.08573736250400543
      ],
      [
        0.48539477586746216,
        0.43241846561431885
      ]
    ]
  ],
  "has_inter_chain_clashes": false,
  "chain_chain_clashes": [
    [
      [
        0,
        0
      ],
      [
        0,
        0
      ]
    ]
  ]
}